customer_id,first_name,last_name,email,phone,address,city,state,country,account_creation_date
1,Cole,Taylor,nicoletorres@hotmail.com,001-574-619-8179x389,"0403 Elizabeth Garden, Paulstad, NJ 53534",New Jessicamouth,Alaska,Bangladesh,2022-02-05
2,Elizabeth,Lopez,ipearson@medina-francis.com,+1-407-036-4353,"4006 Eric Forge Apt. 293, Port Shelby, IA 12256",Lake Michael,Nevada,Saint Barthelemy,2023-08-13
3,Kevin,Perry,zacharygross@gmail.com,(056)935-1425x12471,"PSC 4059, Box 9378, APO AE 30903",Calhounchester,New Mexico,Italy,2022-12-12
4,Wayne,Taylor,ehernandez@miller.com,+1-156-485-4703,"409 Tracy Villages, Port Elizabeth, AL 80569",Floresside,Minnesota,Holy See (Vatican City State),2023-12-05
5,Carolyn,Clark,tnicholson@carroll.net,324.180.3780,"Unit 8501 Box 0208, DPO AA 72283",Lake Jaime,Wyoming,United Arab Emirates,2023-03-23
6,Teresa,Sparks,yvonnehardy@yahoo.com,368.528.0314x21737,"50363 Katie Skyway Apt. 872, Stonemouth, OK 46817",North Raymondfort,New Mexico,British Virgin Islands,2024-05-10
7,Tina,Riley,richard99@ryan.com,+1-994-220-8076x985,"130 Davis Station, East Meagan, NE 16472",Romeroberg,Vermont,Cuba,2022-07-09
8,Andrew,Sosa,michaelbrooks@gmail.com,(027)697-1407,"USNS Stewart, FPO AP 53337",Monroetown,Vermont,Finland,2022-04-09
9,Michelle,Johnson,kramirez@hunt-smith.com,121-300-4944x97818,"76187 Pitts Radial Suite 397, Lake Patrick, WA 83155",West Jessica,Massachusetts,Sweden,2022-09-05
10,Mary,Rodriguez,grayjoseph@gmail.com,+1-348-136-8915x120,"30085 Nielsen Causeway, Justinberg, CT 89777",Jaredport,Georgia,Kuwait,2024-06-12
11,Kristin,Allen,mary81@gmail.com,4417360258,"38204 Michael Station Suite 746, East Donaldstad, NE 20310",Curtisborough,Indiana,Myanmar,2023-01-30
12,Andrea,Wood,kcruz@hawkins.net,001-721-063-2579x27812,"19456 Johnson Squares, Leefurt, UT 30172",Williamland,Idaho,Armenia,2023-11-17
13,Jeffery,Adams,marysmith@hotmail.com,+1-570-046-4161x3023,"00939 Barrett Walk, West Brandiport, MD 88169",Anthonyton,Wyoming,El Salvador,2024-04-11
14,Norman,Crawford,megan08@cabrera.org,001-380-225-5282x60292,"4492 Jennifer Tunnel, Port Vicki, GA 45282",Blackport,Massachusetts,Grenada,2022-11-10
15,Lauren,Ferrell,mariaday@yahoo.com,297.466.5603x28852,"300 Robertson Isle Apt. 323, Grahammouth, MS 19208",North Waynefort,Delaware,Botswana,2023-01-20
16,Michelle,Fields,angelarodriguez@garcia.com,(045)595-7901,"56942 Nina Canyon, East Michaelshire, OR 62291",North Mariachester,Maine,Guatemala,2024-04-19
17,Jacqueline,Nielsen,jesse53@yahoo.com,001-216-988-8974x1626,"216 White Port, Karenton, DC 37326",Lake Richard,Virginia,Zambia,2022-06-20
18,Manuel,Gordon,jessicabarnes@hotmail.com,001-152-350-2332,"Unit 1205 Box 8856, DPO AP 90655",Port Laurieport,Pennsylvania,Bangladesh,2023-10-24
19,Lisa,Fritz,david39@yahoo.com,001-129-013-8775,"PSC 4276, Box 5820, APO AE 97323",West Bryan,Kansas,Chile,2023-05-25
20,Brandy,Salazar,thompsonamanda@lloyd.com,+1-750-783-1655x79659,"32865 Webster Forest Suite 516, North Stacytown, SD 37983",New Stevenburgh,Georgia,Italy,2023-12-03
21,Erik,Flynn,dianasalazar@hotmail.com,+1-826-586-0292x37747,"PSC 4704, Box 9950, APO AE 31338",New Autumn,Florida,Norway,2022-06-20
22,Angela,Carter,gchan@hotmail.com,087-764-1795x6858,"5264 Murphy Lane, Aliciaborough, NH 23271",Madisonview,Massachusetts,Antarctica (the territory South of 60 deg S),2022-12-31
23,Michael,Kennedy,heather07@morrow.com,001-906-560-7389x7759,"053 Joshua Viaduct, South Stevenmouth, VT 34632",New Michael,Michigan,New Caledonia,2023-07-06
24,Jeffrey,Anthony,clarkrobert@yahoo.com,266-266-5482x086,"218 Roth Manor, West Patrick, VA 13273",Robertland,Florida,Fiji,2022-05-11
25,Michael,Byrd,ashleygalvan@phillips-armstrong.com,+1-777-455-3116x51122,"Unit 7188 Box 0238, DPO AE 11988",East Shawn,New Hampshire,Egypt,2023-08-05
26,Billy,Wright,alexandramorse@yahoo.com,+1-763-906-5597x040,"87303 Williams Keys, Heatherbury, KS 30273",Christinefurt,Arizona,South Georgia and the South Sandwich Islands,2022-11-17
27,Joshua,Clarke,vfranco@zimmerman.org,001-577-037-4602x6715,"7851 Whitney Crest, Karentown, VA 97944",Tuckerport,New Jersey,Falkland Islands (Malvinas),2024-08-24
28,Jose,Kelly,logancruz@fletcher.com,+1-511-275-4366,"2596 Lisa Mews Apt. 047, Port Susanfort, NV 52917",Sherriport,New Hampshire,Turks and Caicos Islands,2022-07-22
29,Jamie,Nguyen,tcox@hotmail.com,+1-886-846-9868x128,"643 Sherri Key Suite 071, Marshallshire, KS 90004",South Davidfort,West Virginia,Trinidad and Tobago,2024-08-15
30,Brandon,Ruiz,elizabethgibbs@yahoo.com,+1-388-816-5837x09685,"USNS Craig, FPO AE 46855",North Natasha,Washington,Myanmar,2022-09-17
31,Hayley,Jackson,kaylatyler@chavez.com,378.138.4727,"212 Monique Shore Suite 049, Nuneztown, RI 84514",Fitzgeraldhaven,Kansas,Saudi Arabia,2021-12-29
32,Jeffrey,Jones,hobbsamanda@mcclain-webb.com,+1-934-213-5185x001,"PSC 5942, Box 1409, APO AP 34315",Perrymouth,Maryland,Singapore,2021-12-25
33,Joshua,Simpson,andre41@yahoo.com,+1-225-092-1674x2880,"04648 Shawn Shores Apt. 392, Stewarttown, VA 70101",East Linda,Minnesota,Greenland,2023-03-31
34,Ian,Leonard,erikaalvarado@andrews.com,(251)115-1223x366,"6727 Martin Crest, North Tyler, CT 10746",West Shawnport,South Carolina,Spain,2024-07-13
35,Emily,Ramirez,nlee@harris-singh.net,001-403-606-4534,"021 Alison Wells Suite 159, South Austinville, WV 55632",Lake Christina,Colorado,Tajikistan,2023-03-23
36,Melissa,Adams,allenjeffery@hernandez.com,0259428483,"PSC 5172, Box 4307, APO AE 46114",South Pamela,Utah,Lebanon,2024-06-18
37,Michael,Wood,hjohnson@gmail.com,001-023-366-8733,"9371 Burgess Plains Suite 410, Phillipsburgh, OR 16658",South Brandy,California,Rwanda,2023-07-11
38,Shawn,Adams,lindawarren@gibbs-nelson.biz,+1-479-688-4674x791,"3137 Scott Pike Apt. 804, Tammiemouth, MN 70944",East Lisaport,Iowa,Austria,2023-12-28
39,Anna,Cabrera,pruittdavid@hotmail.com,+1-057-362-6142,"21001 Robert Lodge, Terrichester, MT 97939",East Edwardbury,Maine,Albania,2023-12-17
40,Michael,Perkins,garybarker@thomas.info,001-168-057-1995x72205,"50653 Virginia Court Suite 155, Lorimouth, AL 33041",Lake Marc,New Hampshire,Monaco,2022-11-28
41,Lisa,Salinas,isaac84@gmail.com,248.081.8277,"50570 Teresa Rapids, North Gail, WV 47430",East Katherine,Massachusetts,Algeria,2023-07-31
42,James,Mccall,kevin55@allen.org,354.179.2468,"57670 David Roads, West Dennischester, OR 11965",Parkerburgh,New Hampshire,Samoa,2023-08-12
43,Leah,Pierce,nicholasrandall@yahoo.com,156.586.0985x213,"305 Williams Street Apt. 322, Greerstad, MN 57436",North Stephaniechester,Connecticut,British Virgin Islands,2022-10-30
44,Rebecca,Frazier,robertreid@marshall.org,(160)994-3720,"42447 David Manors, New Jodiborough, OH 64783",New Christinetown,Wisconsin,Sudan,2024-06-28
45,Samuel,White,jbowman@yahoo.com,001-605-704-5863,"112 Townsend Village Suite 191, South Nicholas, ID 28674",Caldwellborough,Missouri,Niue,2023-01-15
46,Katie,Camacho,nelsonvanessa@hall.org,+1-511-441-5201x5556,"267 Merritt Villages Suite 601, East Jason, KY 54417",Gordonborough,New Hampshire,Western Sahara,2023-09-26
47,Teresa,Phelps,gsmith@hotmail.com,578-373-9479x97271,"7208 Stevenson Stravenue, Jesseberg, WV 19513",Henryview,New Mexico,Japan,2024-08-02
48,Alan,Wright,rodrigueztheresa@gmail.com,348-825-6750x6203,"60855 Tiffany Run Apt. 393, West Anthony, CT 50138",Deborahview,Texas,Cocos (Keeling) Islands,2022-02-28
49,Stacy,Rodriguez,hhart@martinez.info,001-723-861-2282x50104,"561 Cynthia Vista, Ruizbury, NY 96654",East Rubenville,Illinois,Saint Vincent and the Grenadines,2024-02-09
50,Vanessa,Vazquez,jpineda@taylor-brown.com,2473257969,"1445 Wheeler Forge Suite 933, Lopezview, RI 43587",Lake Troyview,West Virginia,Senegal,2023-12-30
51,James,Hamilton,andersonamy@hotmail.com,(763)988-7066,"662 Ho Via Apt. 149, Tiffanyville, IN 10697",Port Adam,Idaho,Australia,2022-05-25
52,Melanie,Rose,ronaldflores@reid-yates.com,001-799-139-9733x9262,"Unit 3363 Box 0878, DPO AE 18278",Jonathanton,Massachusetts,Angola,2023-02-28
53,Angela,Brooks,bradleyjason@hotmail.com,081-534-3571x9680,"8447 Megan Gateway Suite 253, South Claudia, ND 24945",Lake Tinaland,Colorado,Bermuda,2024-05-08
54,Amanda,Young,crice@yahoo.com,001-721-254-6575,"24394 Timothy Pines Suite 143, Whitechester, OH 28378",Robertshire,Minnesota,Indonesia,2022-08-10
55,Alexander,Estes,annzimmerman@gmail.com,(598)015-6968,"25228 Anthony Village Apt. 342, Pamelaberg, NC 91230",Jordanland,Indiana,Myanmar,2023-02-10
56,Lynn,Wagner,dariusellis@yahoo.com,134-047-1576,"756 James Ramp Apt. 960, East Josephchester, WA 73241",West Amanda,New Mexico,Gambia,2024-04-04
57,Christine,Silva,henrymiranda@blake-vaughan.com,001-613-253-1216x033,"15567 Powers Row, South Tommyshire, MT 92003",Lake Brianna,Maryland,French Polynesia,2024-01-06
58,Vanessa,Bailey,cooperdonna@gmail.com,+1-572-961-3848,"2080 Joseph Passage, Port Michelle, LA 32643",New Noahchester,Nevada,Saint Lucia,2023-07-24
59,Linda,Mcguire,rthompson@boyd.com,699.467.7529x0760,"93978 Livingston Springs Apt. 488, Wernerborough, ME 76593",New Robin,North Carolina,Holy See (Vatican City State),2024-07-31
60,Billy,Walker,swansonrobert@jones.biz,(147)356-4494,"7391 Hill Place Suite 411, Rogerstown, PA 01320",Richardville,Georgia,Cook Islands,2024-04-13
61,Ashley,Buckley,paceeric@hall.com,0790306208,"9795 Ryan Estates Apt. 373, Chavezstad, PA 15122",Connorside,Massachusetts,Maldives,2022-11-19
62,Monica,May,kellyreynolds@hubbard-ortiz.com,900-316-4181x60764,"9763 Cassandra Burg, Stevenmouth, ND 13414",Lindabury,Oregon,Bermuda,2023-10-15
63,Jillian,Black,moralessusan@ryan.net,+1-140-996-5246,"432 Jessica Haven, West Colin, KY 88856",Smithview,Montana,Guinea-Bissau,2024-01-03
64,Jeremy,Moore,nmedina@martinez-lawrence.net,001-806-307-6039x665,"778 Mendoza Orchard Apt. 812, Lisaside, NY 98267",Garciashire,Florida,French Southern Territories,2021-11-11
65,Crystal,Rowland,arnolddaniel@williams-jones.org,5428625209,"0649 Alex Roads, East Keith, VT 70310",Jermainemouth,New York,Marshall Islands,2023-09-04
66,Benjamin,Jones,ddouglas@cole.biz,001-571-649-6754x65700,"9934 Vasquez Drives Apt. 807, Christopherfurt, NM 07055",South Nicoleside,Kentucky,Ireland,2023-10-20
67,John,Smith,archerstephen@valdez.info,121.006.4835x59007,"1453 Smith Point Suite 497, Lake Douglashaven, NM 09147",New Theresashire,Oregon,Grenada,2023-05-11
68,Daniel,Carter,jamesruiz@yahoo.com,001-445-761-7811,"Unit 9173 Box 0641, DPO AP 66695",Port Jacobfurt,Iowa,Slovenia,2023-06-17
69,Clifford,Brown,bstewart@yahoo.com,583-919-2208x635,"255 Susan Rest Suite 073, New Justin, DE 15250",West Teresa,Oklahoma,Egypt,2022-06-09
70,Timothy,Allen,maciassusan@nelson-berg.biz,552.924.0287,"199 Phillip Ville, Smithfurt, NC 57729",Danielleberg,Oregon,Moldova,2021-12-29
71,Timothy,Wolfe,andrewcummings@gmail.com,756.334.7500x562,"98497 Steven Extension, Ericaville, NY 47494",West Tracitown,Texas,Mauritius,2021-12-27
72,Allison,Ellis,sandovalronald@young.com,472-447-8349,"Unit 7048 Box 0063, DPO AP 93799",Clarkmouth,Montana,Bangladesh,2024-10-08
73,Anthony,Henry,austinandrea@hotmail.com,001-207-216-0572x1173,"01048 Banks Terrace Apt. 012, East Tricia, ID 43899",Copelandside,Mississippi,Kyrgyz Republic,2023-04-20
74,Raymond,Davis,brittanytapia@fisher.info,(799)788-6235,"Unit 1075 Box 2467, DPO AP 76620",East Christopher,South Dakota,Montenegro,2022-06-05
75,Steven,Garcia,jasonhood@gates.info,774-817-8804x981,"954 Miles Trail Apt. 034, Lake Jennifertown, MA 86012",New Nicoleside,Alaska,Peru,2022-04-15
76,Stacy,Smith,joseph90@torres.com,804.088.3305x3993,"946 Edwin Plains Suite 588, Elizabethtown, SC 71532",West Christina,Pennsylvania,Palestinian Territory,2023-09-11
77,Eric,Cantrell,alvaradobrian@gmail.com,(187)862-6354,"451 Simpson Via, Justintown, AL 16705",Chenland,New York,Tajikistan,2024-01-28
78,Heather,Salazar,melissamorton@cook.org,895.270.4282,"12965 Mark Corner, Whitefort, OR 03617",Port Francisco,North Dakota,Belize,2022-10-25
79,Brian,Dudley,kellycheryl@hotmail.com,+1-574-775-2535x5514,"151 Howard Parkway Apt. 521, North Christina, KY 17349",Diazport,Minnesota,Zimbabwe,2024-04-12
80,Lori,Rodriguez,ruthrose@gmail.com,743-532-0234x777,"43425 Howard Lane, Christopherville, MO 52364",West Kyle,Montana,Bolivia,2022-02-08
81,Dana,Schmidt,margaret49@wilkins.biz,(011)099-3326,"1622 Frederick Trail, South Christopherfurt, NH 53484",Stacystad,South Dakota,Honduras,2022-09-28
82,Michelle,Powers,nealbrianna@olson-brown.info,+1-217-800-8478x22159,"19016 Patrick Viaduct Suite 642, North Jonathanburgh, KY 94623",Amyport,Florida,Iceland,2021-12-28
83,Ashley,Hall,rodriguezjulie@gmail.com,+1-645-988-1190x569,"5529 Gaines Burg Apt. 158, East Krystal, OH 94001",Lake Bryanstad,Mississippi,Norway,2022-06-04
84,Sarah,Bennett,petersonkathleen@gmail.com,+1-637-320-3212x8541,"163 Park Shore Apt. 057, Jamesside, WY 86616",Bergchester,Iowa,Ukraine,2023-10-19
85,James,Leach,lshelton@yahoo.com,001-746-540-2929x9422,"3493 Fields Vista, Port Emilyville, SC 18909",Blevinsmouth,New Hampshire,Saint Helena,2023-10-30
86,Shirley,Mathis,jessica89@hotmail.com,001-956-086-9145x6078,"82891 Lori Rue, Port Kimberlystad, VT 92392",Wellsberg,New Hampshire,Nigeria,2022-06-05
87,Regina,Perkins,michaellong@silva.net,8613977028,"45637 Lee Road Suite 513, South John, ND 23538",Luisside,Pennsylvania,Cote d'Ivoire,2023-05-30
88,Abigail,Cox,stacey84@williams-white.com,162.507.2907,"2005 Schmitt Springs, Kellerfort, TN 89531",Lloydville,Rhode Island,Papua New Guinea,2024-05-26
89,Jaclyn,Craig,jensenkaren@hotmail.com,113.955.0672,"Unit 4427 Box 5233, DPO AE 05350",Parkland,Idaho,Mali,2023-03-29
90,Deanna,Tucker,cunninghamnoah@robbins.com,+1-088-813-5648,"042 Kristin Villages, South Kristinaburgh, NH 44328",North Karenbury,Wisconsin,Luxembourg,2023-03-12
91,Vickie,Howard,kevin21@anderson.com,001-254-091-4673x1111,"9804 Patricia Plaza, Kimberlyfort, WA 20863",Brownside,North Carolina,Iceland,2024-04-09
92,Bonnie,Reyes,natashaschmidt@gmail.com,(608)382-9437x652,"3267 William Prairie Suite 693, Herreraport, SD 26536",North Theresatown,Arizona,French Polynesia,2024-10-14
93,Steven,Carroll,yjacobs@velez-booker.net,956-558-8680x4995,"2713 David Avenue, Michaelside, RI 74201",Port Lanceside,Ohio,Azerbaijan,2023-10-09
94,Billy,Mahoney,cortezdennis@hotmail.com,+1-424-788-9144x2273,"7797 Annette Trail, Katherineton, KS 26158",Greenport,New Mexico,Monaco,2022-03-02
95,Richard,Morgan,catherinejohnson@jackson-cooper.biz,3659045585,"429 Bryant Walk Apt. 388, Littleside, KY 24743",Barryside,West Virginia,Taiwan,2021-12-09
96,Richard,Taylor,louismitchell@hotmail.com,+1-213-740-4390,"417 Andrew Radial, Taraburgh, AL 84954",Rebeccamouth,Florida,Christmas Island,2022-01-28
97,Phyllis,Parker,andrew64@gmail.com,001-829-652-4887x4101,"16758 Potter Fort Apt. 382, Rogerberg, MN 76102",Vaughanfort,Arkansas,Ireland,2022-01-19
98,Katie,Crosby,gsmith@yahoo.com,209-933-8554,"7116 Jefferson Motorway Apt. 698, New Lisa, IL 85037",Jacksonhaven,New Hampshire,Saint Vincent and the Grenadines,2023-11-30
99,Kyle,Anderson,shawnwalter@gmail.com,158-692-8492x1199,"5079 Powers Row, Robintown, MI 39657",West Jennifer,Maine,El Salvador,2024-09-11
100,Kimberly,Johnston,rossvirginia@yahoo.com,(302)282-1648x443,"941 Ramirez Square Suite 704, New Davidfort, KY 36330",Lindsayberg,Idaho,Samoa,2022-10-07
101,Janice,Grant,ktaylor@gmail.com,5865888669,"084 Dunn Ferry Apt. 517, Johnsonview, OR 43043",Lake Virginiaport,Georgia,United Arab Emirates,2022-05-22
102,Kayla,Terrell,heatherlewis@yahoo.com,(797)554-4016,"85411 Scott Plain Apt. 088, West Elizabethland, ME 90232",Melindastad,South Carolina,Austria,2022-12-02
103,Samuel,Lin,mrodriguez@harris-wells.com,0727815683,"0350 Smith Run, Royshire, IA 89123",Arnoldmouth,Rhode Island,Denmark,2023-02-13
104,Mark,Morgan,rachel92@george-hawkins.com,993-734-7318x4959,"62884 Megan Flats Apt. 644, Port Courtneyport, WI 20340",Davidburgh,Illinois,Isle of Man,2023-01-21
105,Megan,Garner,sharonhamilton@hotmail.com,796.506.3888x7410,"938 Tonya Unions Suite 391, Ramirezhaven, IL 45618",New Tracey,Louisiana,Haiti,2024-08-30
106,Barbara,Barnes,tina24@jackson.com,5585434517,"81994 Alyssa Ports Suite 648, North Christinechester, PA 84540",Mooreside,Oklahoma,Bangladesh,2023-12-11
107,Annette,Decker,epowers@gmail.com,001-390-834-0918x4806,"6156 Jennifer Lodge Suite 980, North Rebeccaburgh, NM 87862",South Kristen,Oklahoma,Mauritania,2022-07-28
108,Lisa,Lewis,juliaferguson@moon-sampson.com,+1-707-644-6230,"3022 Miguel Skyway, Castillotown, MT 16601",East Jodiborough,Nebraska,Ethiopia,2022-09-17
109,Gregory,Wilson,williamcastillo@robertson.com,+1-866-722-8561x721,"USS Mcdonald, FPO AP 98064",Port Vernon,Alaska,Switzerland,2024-02-27
110,Deanna,Coleman,kristinjimenez@andrade.com,665.934.8092x376,"237 Wyatt Road, Sherrichester, RI 22227",Philipfort,New Mexico,Samoa,2023-02-13
111,Whitney,Reed,icarter@gonzalez.com,006-046-4610x23936,"192 Lewis Park Apt. 461, Port Melanieville, NH 26012",North Janebury,Washington,Saint Vincent and the Grenadines,2022-02-18
112,Denise,Page,heatherrodriguez@gmail.com,(906)512-1658x3068,"6034 Joanne Grove, Bradleyberg, ME 22558",Johnsonmouth,New York,Saint Pierre and Miquelon,2024-04-04
113,Melissa,Benjamin,jimenezanthony@lester.org,505-386-3260,"445 Moore Stream Apt. 266, Hillview, WV 14705",Richardborough,North Dakota,Isle of Man,2022-09-14
114,Daniel,Thompson,mmorgan@duffy.biz,675-794-1358,"150 Michael Mill, Martinezport, MN 15390",South Diana,Maryland,Montserrat,2021-11-23
115,Michael,Evans,walkermatthew@fox.com,205.840.5383x0558,"610 Roberson Trail Apt. 791, Sandrahaven, HI 41375",Mcdonaldmouth,New Jersey,Lao People's Democratic Republic,2022-08-05
116,Steven,Hobbs,derricklane@yahoo.com,629.789.8179x054,"14236 Devin Land, Amberville, HI 17269",Gardnermouth,Alaska,Cayman Islands,2024-06-23
117,Christina,Henderson,princekim@hotmail.com,(160)653-6808x72981,"07698 Bryan Row Apt. 894, Clarkport, ME 80084",Lake Mike,Michigan,Dominica,2024-05-09
118,Teresa,Gomez,btaylor@gmail.com,219.015.2293,"PSC 3208, Box 2492, APO AA 14857",New Cathyborough,Georgia,Bahrain,2024-03-02
119,Shawn,Smith,gregory05@dyer.com,082-882-5270x634,"79978 Gray Ramp, Bradyton, PA 58183",Wilsonborough,Maryland,Malaysia,2022-12-05
120,Mercedes,Price,douglaswang@gmail.com,+1-425-140-1038,"04738 Shannon Square, Lake Xaviertown, KS 48825",North Stephanieland,Montana,Morocco,2022-08-28
121,Cindy,Moses,gmills@anderson-davis.com,(803)993-2649x618,"646 Brewer Curve Apt. 083, Timothyland, AZ 09908",Jessicaville,Alaska,Czech Republic,2022-02-20
122,Emily,Camacho,bakercarl@gmail.com,+1-954-480-3157,"566 Gonzalez Ville, South Amanda, PA 40970",Lake Laura,Delaware,Ukraine,2024-10-21
123,Karen,Oconnor,samuelthompson@yahoo.com,001-137-764-9672,"72341 Courtney Bridge Apt. 219, Lake Nicholastown, NE 55751",South Paul,Mississippi,Guadeloupe,2022-02-24
124,Shane,Zimmerman,owhite@gmail.com,001-549-707-1632x1981,"104 Stephanie Pine Apt. 433, Scottbury, WV 71953",Lake Donald,Vermont,Grenada,2024-06-13
125,Brandy,Schmidt,tbrooks@vance.com,(318)193-9521,"73061 Sheppard Track Apt. 124, New Kevinbury, CA 58227",Johnmouth,Hawaii,Saint Helena,2024-08-26
126,David,Klein,vmorgan@hotmail.com,+1-524-573-8896,"14847 Logan Track, Joannberg, CT 67764",Port Chad,Kentucky,Honduras,2022-03-07
127,Manuel,Sampson,patrick38@jones-dean.org,439-233-8647x4883,"39680 Ramos Tunnel Apt. 631, Adrianfurt, VA 21526",Avilahaven,Nevada,New Caledonia,2023-05-22
128,Dustin,Oconnor,blackjill@yahoo.com,654-682-0085x47370,"55874 Collier Fort Suite 681, East Christinaport, KY 90731",North Patriciamouth,Kentucky,Taiwan,2022-06-10
129,Andrea,Hernandez,larry53@robertson.com,746.456.0840,"24435 Waters Land, North Tammychester, IN 44401",Port Jamie,Wisconsin,Macao,2024-08-01
130,Elizabeth,Torres,kevin60@peck-jacobs.com,0665904901,"1371 Johnson Bridge, Natalieport, WA 48689",Fernandoport,Massachusetts,Israel,2022-02-14
131,Cynthia,Sanders,john51@gmail.com,+1-762-920-6276,"Unit 9449 Box 6085, DPO AE 90214",Brianview,Ohio,Central African Republic,2023-07-17
132,Raymond,Gibbs,leblancwayne@hotmail.com,+1-810-819-3740x83902,"PSC 8013, Box 3837, APO AP 52104",Lake Shane,Kentucky,Luxembourg,2024-04-21
133,Nancy,Aguirre,blanchardjasmine@ortega.biz,(497)359-3380,"Unit 6028 Box 3537, DPO AE 31639",Noahberg,Alaska,Bosnia and Herzegovina,2022-01-24
134,Evan,Webb,ginacampbell@hotmail.com,001-228-676-3983x794,"943 Kevin Knolls, Timothyton, AK 16079",Stephensstad,California,Tokelau,2024-09-06
135,John,Torres,christopher11@parker.com,001-407-071-5584,"USNV Smith, FPO AP 24468",Mcgeeland,North Dakota,Belarus,2023-07-21
136,James,Strickland,lawrence01@johnson.biz,506-598-9901x42363,"63186 Emily Ford Apt. 572, North Paul, KY 40885",New Jessica,Ohio,Armenia,2022-05-07
137,Daniel,Rodriguez,kelly66@kramer.net,001-937-368-8315x3033,"954 Aguilar Mews, North Juliaside, OH 60910",Leeton,Pennsylvania,Saint Pierre and Miquelon,2021-11-15
138,Lisa,Thomas,iknight@hotmail.com,547-189-2512x6420,"4090 Christine Haven Apt. 422, South Teresa, RI 83815",New Aliciaton,Nevada,United States of America,2024-05-06
139,Sean,Cook,brandtcatherine@williams.com,001-458-302-1495x78918,"9308 Whitney Burgs Suite 981, New Alex, NH 30421",East Kyleville,Michigan,Montenegro,2022-12-18
140,Brittany,Watson,owarner@moon.net,001-449-003-9758x44218,"88129 Gary Terrace Apt. 077, North Aaron, AZ 45081",Michaelland,Alaska,Spain,2021-11-19
141,Michael,Perry,christian24@hotmail.com,591.786.6488x0477,"116 Smith Tunnel, Nicolemouth, IL 42828",New Kristy,Kansas,Latvia,2021-12-14
142,Tracy,Campos,jeremiah95@medina-moreno.com,(423)312-2846,"513 Amy Pine Suite 432, Rubentown, DC 86770",Susanchester,Vermont,Zimbabwe,2024-01-27
143,Maureen,Butler,kimberly51@howard.org,(391)458-5502x84434,"41068 Nicholas Centers Suite 081, Millerport, VT 31180",Port Judith,Kansas,Namibia,2023-01-11
144,Rachel,Lara,christianandrew@little.biz,339.004.6586x577,"267 Short Parks, Lake Jonathan, NJ 72546",West Stephanie,Minnesota,Iran,2024-07-25
145,Brenda,Schwartz,rwilliams@yahoo.com,001-396-988-0559,"9836 Christopher Fords, Johnsonside, OK 54590",Fullerfurt,Indiana,Somalia,2022-08-18
146,Thomas,Johnson,aparker@gmail.com,(876)410-6173x214,"88085 Nathan Underpass Apt. 030, New Brandy, OR 19472",Smithland,Michigan,Congo,2023-06-03
147,Melissa,Nguyen,kyle45@chavez-jones.org,+1-653-346-6368x037,"59957 Davis Prairie, Port David, IA 71976",East Amandamouth,Virginia,United States of America,2022-01-31
148,Jackson,Hall,rickstuart@yahoo.com,+1-922-413-4993x749,"2055 Miller Fields Suite 944, West Amytown, KY 77399",Timothybury,North Carolina,Mozambique,2023-04-18
149,Lucas,Brown,lmiller@johnson-ruiz.org,752.704.2124x408,"USS Tapia, FPO AE 18104",South Mark,Texas,Nepal,2024-09-06
150,Edward,Brady,lmiller@hotmail.com,(216)852-4203x1402,"2360 Kristin Lodge, Lake Kaitlynstad, NM 29414",Salaston,Iowa,Turkey,2022-09-02
151,Fernando,Gomez,dmanning@yahoo.com,(307)361-6129x41606,"27195 Jimenez Islands, Frankchester, NC 74403",South Mary,Mississippi,Palestinian Territory,2022-06-11
152,Debra,Chavez,brownmichael@wilson-marshall.com,752.285.3348x99403,"3743 Eaton Parkway, New Robertoton, VA 55240",East Danaport,New Mexico,French Polynesia,2021-11-28
153,James,Lane,lzhang@gmail.com,+1-048-482-1529x0134,"58490 John Ports Suite 847, Port Jasmin, UT 17770",Martinview,Alaska,Equatorial Guinea,2024-04-07
154,Theresa,Berg,jessicasmith@mcdaniel-brennan.com,001-073-267-9492x041,"PSC 7205, Box 0714, APO AE 88781",Justinville,Nevada,Belarus,2023-04-10
155,Andrew,Foster,christineturner@hernandez.com,683-602-2813x2321,"8479 Randall Courts Apt. 108, New Jacquelineland, TN 32415",Thomasview,Louisiana,Marshall Islands,2024-03-28
156,Colin,Vazquez,smithalison@gmail.com,001-928-919-3729x24954,"446 Skinner Mews, Lake Melindaside, UT 18429",Port Paulaberg,Wyoming,Sao Tome and Principe,2023-10-24
157,Samuel,Thompson,christianwallace@villanueva.com,971.364.3107,"USS Price, FPO AP 91407",Lake Shannonland,Michigan,Cook Islands,2024-07-27
158,Ashley,Garrett,cthomas@rodriguez.info,695.447.1347x2295,"074 Thomas Vista, East Mariachester, NY 78493",New Hannahstad,Massachusetts,Tokelau,2024-08-10
159,Jason,Ferguson,williamsdaniel@gmail.com,125-403-4448,"8358 Washington Mountain, Reyesport, ME 49711",Port Christina,New Hampshire,Monaco,2024-09-07
160,Jennifer,Willis,andreswhite@yahoo.com,664-173-6077x145,"346 James Greens, East Helen, NE 01199",Lake Johnnyshire,Delaware,New Caledonia,2024-08-19
161,Amanda,Long,qwhite@hotmail.com,(374)039-5650,"97012 Hughes Mill Suite 760, Lake John, AK 78228",Natalietown,Colorado,Macedonia,2023-08-21
162,Matthew,Carrillo,banksjulia@gmail.com,(353)729-9832,"Unit 3707 Box 0192, DPO AP 94737",South Leviport,Washington,Hungary,2022-01-16
163,Angela,Conrad,sblake@yahoo.com,+1-500-267-6695x070,"5012 Amanda Center, Buchananmouth, AL 63292",Robertchester,Texas,Ethiopia,2022-10-01
164,Adam,Williamson,cathy13@yahoo.com,+1-723-217-6994,"8894 Melissa Point Apt. 403, Port Tara, NH 23757",Alexanderport,Rhode Island,San Marino,2022-10-18
165,Tammy,Rivera,kathryn12@shaffer-king.com,408-095-5191x551,"3401 Brooks Points Suite 949, West Erica, MD 82217",New Ernestland,Michigan,Chad,2023-02-01
166,Tyler,Chase,courtneycase@gmail.com,812.224.1639,"800 Blair Light Suite 731, Williamton, WI 24061",Michelleport,Nebraska,Bosnia and Herzegovina,2023-07-02
167,Leonard,Miller,tiffany42@elliott-thomas.com,352.020.9997x22625,"587 Wheeler Cape Suite 241, Paulafurt, WV 18773",Port Scott,Vermont,Spain,2024-08-08
168,Susan,Smith,jeremyoliver@baker.com,+1-792-552-0891x2510,"6413 Torres Pike Apt. 872, Mossport, WY 50485",New Audrey,Massachusetts,Spain,2024-07-23
169,James,Gutierrez,joshuachen@dawson.biz,(265)449-2157,"8754 Robles Parkway Apt. 000, Schultzport, AK 77545",Coreyhaven,Virginia,Argentina,2023-03-16
170,Alison,Bailey,donna63@webster.com,001-451-091-0089x185,"60397 Tabitha Tunnel Apt. 932, Port Michaelmouth, AZ 94185",Port Mark,Washington,Cameroon,2023-12-18
171,Erica,Ramos,pittmancrystal@decker-lopez.org,425-674-3120,"PSC 6473, Box 6393, APO AP 64866",Russellhaven,Utah,Burundi,2022-03-29
172,Sergio,Martin,vaughnnancy@yahoo.com,(510)806-4371,"8829 Lance Crest, East Kevin, NJ 47991",Dustinstad,Iowa,Aruba,2024-01-03
173,Amanda,Cohen,xwells@nunez-wood.com,600-756-6257x721,"237 Lee Fords, North Erin, HI 77310",Elizabethfort,Indiana,Turkey,2024-04-08
174,Rebecca,Hester,martinezmichelle@cardenas.info,212-934-6732x9284,"Unit 3573 Box 4367, DPO AP 91344",Kendraport,Georgia,Madagascar,2024-10-23
175,Andrew,Keith,colleenreynolds@smith.com,+1-733-047-8210x0018,"07323 Castillo Ports Suite 379, West Kelseytown, NM 40380",Thomasland,New York,Mexico,2022-09-09
176,David,Warren,murphyyvonne@austin-jackson.info,+1-380-660-5122x144,"50253 James Path Suite 291, West Darinton, OH 93239",East Deannafort,South Dakota,Pitcairn Islands,2024-03-11
177,James,Alexander,crystaljohnson@johnson-reynolds.net,+1-247-287-7469x8976,"401 Jones Walks Apt. 258, Mccormicktown, KS 71632",East Jessicaland,Montana,Mexico,2022-11-29
178,Heather,Cook,jessica42@mitchell.com,366.237.4735x39504,"30722 Tina Stream Apt. 036, Joannehaven, AR 60067",Christopherton,Vermont,Reunion,2023-09-27
179,Sergio,Lane,hopkinsmary@simon-martin.com,001-212-610-5636x208,"1158 Lopez Ways, South Amanda, AK 21663",Ashleychester,Arkansas,Liechtenstein,2024-09-15
180,Christopher,Hill,christinabecker@yahoo.com,001-654-987-8158x227,"4226 Pierce Shores, Coreymouth, MT 95123",Liuburgh,Washington,Comoros,2021-12-21
181,Ashley,Fowler,carrie38@hotmail.com,074.731.3161x93998,"PSC 4065, Box 3970, APO AA 34218",West Michellemouth,Alaska,Gabon,2022-12-22
182,Tony,Stevens,melody69@mccullough.com,001-712-931-3500x08183,"43499 Gordon Plaza Apt. 863, Port Gregory, VA 26781",Lewisborough,North Carolina,Kuwait,2024-08-01
183,Kevin,Lewis,burgessalyssa@zavala-rivera.net,864.328.5757x744,"08805 Hobbs Points, Port Darrell, VT 37229",South Amyborough,Texas,Tonga,2022-10-12
184,Abigail,Mendoza,blankenshipdale@yahoo.com,(593)623-9502x01486,"853 Clark Terrace Suite 506, Petersonborough, VT 19099",Cameronside,North Carolina,Brunei Darussalam,2024-01-01
185,Joseph,Palmer,adam96@gmail.com,876.920.9699,"Unit 9413 Box 7985, DPO AP 54481",Lake Jason,New Mexico,Hong Kong,2023-08-24
186,Michael,Williams,qjohnson@gmail.com,832-312-4402,"285 Tammy Hills, Marilynland, DC 45959",New Jessicahaven,Vermont,Poland,2024-06-21
187,Allison,Brown,martin52@yahoo.com,(274)428-5761,"PSC 8018, Box 0046, APO AA 89066",North Daniellebury,South Carolina,Kuwait,2022-02-14
188,Julie,Baird,wilkinsonjames@allen-gill.org,618-031-3208,"1664 Derek Mount, South Mary, AR 95453",Velazquezburgh,Missouri,Trinidad and Tobago,2022-07-22
189,Robert,Perez,lynn12@schmidt.com,261.521.7137x910,"34165 Brown Camp, South Sabrina, IA 93379",Aguilarmouth,Alabama,Nepal,2022-03-22
190,James,Ramos,jimenezchristopher@white-payne.com,(598)537-8116,"6100 Gregory Prairie, East Kenneth, VT 31366",Spenceborough,Rhode Island,Liberia,2023-05-08
191,Sarah,Lopez,christina13@gmail.com,+1-791-466-2850x23340,"10371 Amanda Islands, Chasefort, WI 91863",Lake Lauren,Pennsylvania,Guernsey,2022-05-22
192,William,Davis,larry75@davis.info,774.998.6317x22828,"9371 Campbell Forge Suite 312, Bryanburgh, MS 96586",Johnberg,Idaho,Samoa,2022-10-13
193,Steven,Garcia,maureen37@yahoo.com,001-371-172-9259x7743,"PSC 3918, Box 4413, APO AA 23075",West Heathertown,Delaware,Switzerland,2022-01-09
194,Angela,Myers,qrussell@yahoo.com,942.173.8087x499,"398 Vanessa Square, Orrshire, OR 90976",Port Michaelshire,Maryland,Equatorial Guinea,2023-02-09
195,Stacy,Shields,bowmanalexis@hotmail.com,(238)697-6281x9163,"897 David Center Apt. 804, Alexisberg, NE 17561",Holmesfort,Mississippi,Antigua and Barbuda,2024-01-26
196,Jessica,Cowan,davidhudson@carroll-wright.net,825.442.0965x43669,"8456 Kimberly Via Apt. 380, Kaylaberg, ND 93898",Nelsonport,Massachusetts,Ethiopia,2023-11-15
197,Charles,Dean,andrew88@yahoo.com,047-233-5036x237,"9464 Rachel Square Apt. 940, East Robert, GA 66778",West Marcustown,Colorado,Germany,2024-09-30
198,Tina,Patrick,yacosta@smith.com,854.589.0834x88777,"25333 Jason Track Apt. 859, Lake Joshua, MD 56878",New Marissahaven,North Carolina,Lithuania,2022-07-09
199,Miguel,Marshall,tiffany77@diaz.com,8140464991,"38159 Glenn Brooks, Brendatown, MI 37762",New Jessicahaven,Kansas,Northern Mariana Islands,2024-07-30
200,Sherry,Wise,annahernandez@gmail.com,956.738.3662,"41952 Marissa Springs, North Amy, WV 12383",East Brandon,Wisconsin,Tunisia,2023-01-17
